pH;Salt Concentration;Cosubstrate Concentration;Organic Solvent Concentration;Temperature;target
5.9;30.0;5.9;5.5;32.0;82.97661936716807
3.958828542438917;327.0;9.4;5.5;46.135704223446055;84.23784106674151
4.0522691433023175;327.0;4.7;13.5;37.0;84.34262907411271
5.0;270.0;4.7;13.5;48.0;37.403877395279586
4.4;139.0;4.046741887809297;13.5;37.0;84.3276481346385
5.0;139.0;9.4;1.3;32.0;194.6197861240529
4.930202227060487;340.38410525973177;5.9;1.3;31.14312452805761;135.24540583560588
4.825227279804509;327.0;5.9;18.2;48.0;19.191340211898805
